video_id,titulo,data_publicacao,descricao,visualizacoes,curtidas,comentarios,channel_id,channel_title,url,data_coleta,politico,partido,cargo
YbIEeOXzNBA,Brasil avança na soberania digital e na inteligência artificial,2026-08-12T02:59:21Z,"O Brasil está construindo sua soberania digital.

Hoje, reunimos especialistas para discutir inteligência artificial, dados, infraestrutura e os caminhos para o país desenvolver suas próprias capacidades em tecnologias estratégicas.

O Plano Brasileiro de Inteligência Artificial já prevê R$ 23 bilhões até 2028, com mais de R$ 14 bilhões executados nos últimos dois anos.

Soberania também é ter tecnologia para decidir o nosso próprio futuro. 🇧🇷🤖",1434,425,21,UCvO2BExvkAbGMsTGnEnI_Ng,Lula,https://www.youtube.com/watch?v=YbIEeOXzNBA,2026-08-12,Lula,PT,Presidente
2t2bmVh_wZ4,Presidente Lula participa de reunião sobre Soberania Digital,2026-08-11T23:03:27Z,"SIGA O LULA!

http://www.facebook.com/Lula
https://bsky.app/profile/lula.com.br
http://www.instagram.com/LulaOficial
https://t.me/LulanoTelegram

Acesse nosso site: http://www.lula.com.br",11438,1629,114,UCvO2BExvkAbGMsTGnEnI_Ng,Lula,https://www.youtube.com/watch?v=2t2bmVh_wZ4,2026-08-12,Lula,PT,Presidente
eSGnePETwjA,Educação muda o futuro!,2026-08-11T21:20:33Z,"Foi para ampliar oportunidades que criamos o Prouni, as cotas e expandimos os Institutos Federais e as universidades. Para que jovens da periferia, estudantes de escolas públicas e pessoas negras e indígenas também possam ocupar esses espaços e transformar suas vidas.

O filho dos mais pobres tem que ter as mesmas oportunidades que o filho dos mais ricos. Todo mundo tem que ter a mesma chance.",5176,1306,117,UCvO2BExvkAbGMsTGnEnI_Ng,Lula,https://www.youtube.com/watch?v=eSGnePETwjA,2026-08-12,Lula,PT,Presidente
zMFNh9ZQu_M,11 de agosto de 2026,2026-08-11T17:59:42Z,,4943,1191,99,UCvO2BExvkAbGMsTGnEnI_Ng,Lula,https://www.youtube.com/watch?v=zMFNh9ZQu_M,2026-08-12,Lula,PT,Presidente
HXX_0MLR9n4,"Dia 16, a gente se encontra na Vila Euclides",2026-08-11T11:48:58Z,"Dia 16 de agosto, às 9h, faço um convite especial: vamos nos encontrar na Vila Euclides, em São Bernardo do Campo, palco de uma parte importante da luta dos trabalhadores e da democracia brasileira.

Vai ser um reencontro com essa história. Espero todo mundo lá. ❤️✊🏽",6652,1648,155,UCvO2BExvkAbGMsTGnEnI_Ng,Lula,https://www.youtube.com/watch?v=HXX_0MLR9n4,2026-08-12,Lula,PT,Presidente
Cg2nbOwuwXs,Cuidar do povo brasileiro é a nossa luta,2026-08-10T20:57:05Z,,6620,1247,125,UCvO2BExvkAbGMsTGnEnI_Ng,Lula,https://www.youtube.com/watch?v=Cg2nbOwuwXs,2026-08-12,Lula,PT,Presidente
Mbc9ptUUWHE,10 de agosto de 2026,2026-08-10T18:42:36Z,,17657,1769,102,UCvO2BExvkAbGMsTGnEnI_Ng,Lula,https://www.youtube.com/watch?v=Mbc9ptUUWHE,2026-08-12,Lula,PT,Presidente
Ad69OFntaFs,Lula 1001 utilidades,2026-08-10T14:25:22Z,,11180,1494,128,UCvO2BExvkAbGMsTGnEnI_Ng,Lula,https://www.youtube.com/watch?v=Ad69OFntaFs,2026-08-12,Lula,PT,Presidente
xGmn8tyVRYw,Nunca antes o Brasil teve tanto acesso à saúde pelo SUS,2026-08-10T11:49:09Z,"Nunca antes na história deste país os brasileiros tiveram tanto acesso à saúde. São 41 medicamentos gratuitos pelo Farmácia Popular, mais médicos e especialistas pelo Agora Tem Especialistas, além de hospitais federais e mais cirurgias para quem precisa.

É o SUS chegando cada vez mais perto de quem mais precisa e cuidando da saúde de todo o povo brasileiro. ❤️🇧🇷",11604,1825,91,UCvO2BExvkAbGMsTGnEnI_Ng,Lula,https://www.youtube.com/watch?v=xGmn8tyVRYw,2026-08-12,Lula,PT,Presidente
rPUMDGOYd4E,Paz se garante com soberania,2026-08-09T19:55:42Z,"🇧🇷 ⭐ O Brasil que cuidou do básico agora está pronto para dar um salto de qualidade.

Com soberania, defesa e respeito ao nosso povo, vamos construir o próximo capítulo dessa história. É hora de um Brasil ainda mais forte e preparado para o futuro.",9381,1647,146,UCvO2BExvkAbGMsTGnEnI_Ng,Lula,https://www.youtube.com/watch?v=rPUMDGOYd4E,2026-08-12,Lula,PT,Presidente
WWcejt9UXDc,O Brasil é a minha causa. O povo é a minha causa.,2026-08-09T18:10:55Z,"O Brasil é a minha causa. O povo é a minha causa.

Dia 16, às 9h, Vila Euclides, onde tudo começou, vamos juntos fazer história. Vamos mostrar que o Brasil está pronto para mais! 🇧🇷",17668,3097,311,UCvO2BExvkAbGMsTGnEnI_Ng,Lula,https://www.youtube.com/watch?v=WWcejt9UXDc,2026-08-12,Lula,PT,Presidente
zftIEEgp2Fk,"Onde começou a nossa luta, começa um novo capítulo",2026-08-09T16:28:52Z,"No dia 16, domingo de manhã, quero fazer um convite especial para vocês: vamos nos encontrar no Estádio da Vila Euclides, onde tudo começou.

Um reencontro com a nossa história e com a nossa luta. ❤️✊🏽",21973,1979,127,UCvO2BExvkAbGMsTGnEnI_Ng,Lula,https://www.youtube.com/watch?v=zftIEEgp2Fk,2026-08-12,Lula,PT,Presidente
-C6m-0jwEkg,Todo brasileiro merece um casa pra chamar de ninho,2026-08-08T21:18:28Z,"Eu sei o que significa não ter uma casa digna para morar.

Por isso, para mim, enquanto houver um único brasileiro sonhando com a casa própria, a gente vai continuar trabalhando para transformar esse sonho em realidade. 
🏠❤️🇧🇷",16840,2284,184,UCvO2BExvkAbGMsTGnEnI_Ng,Lula,https://www.youtube.com/watch?v=-C6m-0jwEkg,2026-08-12,Lula,PT,Presidente
Mo194qCwNPo,"2,5 milhões de moradias pelo Minha Casa, Minha Vida 🏠",2026-08-08T20:19:56Z,"Nosso governo já alcançou a marca de 2,6 milhões de moradias contratadas pelo Minha Casa, Minha Vida, ampliando o acesso à casa própria para quem mais precisa.

Porque uma casa é muito mais do que um teto. Cada família que deixa o aluguel conquista segurança e ganha um novo começo. 🏠❤️",23658,2212,144,UCvO2BExvkAbGMsTGnEnI_Ng,Lula,https://www.youtube.com/watch?v=Mo194qCwNPo,2026-08-12,Lula,PT,Presidente
Uu-Sc1bPGNw,"Presidente Lula participa do encontro do MTST, em Taboão da Serra (SP)",2026-08-08T15:40:14Z,"SIGA O LULA!

http://www.facebook.com/Lula
https://bsky.app/profile/lula.com.br
http://www.instagram.com/LulaOficial
https://t.me/LulanoTelegram

Acesse nosso site: http://www.lula.com.br",40959,4316,361,UCvO2BExvkAbGMsTGnEnI_Ng,Lula,https://www.youtube.com/watch?v=Uu-Sc1bPGNw,2026-08-12,Lula,PT,Presidente
G9JHQ6UkBM0,O Ministério do Namoro começa pelo Brasil Sorridente,2026-08-08T11:51:54Z,"🦷❤️ O Ministério do Namoro começa pelo Brasil Sorridente.

Mais saúde, autoestima e dignidade para quem precisa. E já são 830 vans levando atendimento odontológico por todo o Brasil.",17739,2497,144,UCvO2BExvkAbGMsTGnEnI_Ng,Lula,https://www.youtube.com/watch?v=G9JHQ6UkBM0,2026-08-12,Lula,PT,Presidente
4QvFS9fnTyI,Como o PROUNI transformou a vida do André e de sua família | Educação que muda destinos,2026-08-07T23:05:50Z,"Um dos meus maiores prazeres é conhecer jovens que transformaram suas vidas por meio do PROUNI.

Hoje, no INPE, conheci o André, que se formou em Engenharia e viu outros jovens da sua família também conquistassem um diploma universitário.

É isso que a educação faz: muda a vida de quem estuda e cria oportunidades para as próximas gerações. 📚",13755,2352,186,UCvO2BExvkAbGMsTGnEnI_Ng,Lula,https://www.youtube.com/watch?v=4QvFS9fnTyI,2026-08-12,Lula,PT,Presidente
VQcV1O2j-60,Presidente Lula visita o Instituto Nacional de Pesquisas Espaciais,2026-08-07T20:29:02Z,"SIGA O LULA!

http://www.facebook.com/Lula
https://bsky.app/profile/lula.com.br
http://www.instagram.com/LulaOficial
https://t.me/LulanoTelegram

Acesse nosso site: http://www.lula.com.br",33941,4073,190,UCvO2BExvkAbGMsTGnEnI_Ng,Lula,https://www.youtube.com/watch?v=VQcV1O2j-60,2026-08-12,Lula,PT,Presidente
y7HczRhZjMk,Vamos juntos pelo Brasil,2026-08-07T19:16:16Z,"Pelos trabalhadores. Pelas famílias. Pelas mulheres. Pelos jovens. Por nossa soberania.

Vamos juntos pelo Brasil!",14407,2492,214,UCvO2BExvkAbGMsTGnEnI_Ng,Lula,https://www.youtube.com/watch?v=y7HczRhZjMk,2026-08-12,Lula,PT,Presidente
9dJTy7BsuwM,Vila Euclides: o reencontro com a história,2026-08-07T16:04:16Z,"Tem lugares que marcam a história de um país. Dia 16 estaremos onde tudo começou. Um reencontro com nossas origens, para renovar nosso compromisso com o futuro da nação. Participe desse momento histórico!

É dia 16, no estádio da Vila Euclides, às 9h. 🇧🇷",12127,2511,202,UCvO2BExvkAbGMsTGnEnI_Ng,Lula,https://www.youtube.com/watch?v=9dJTy7BsuwM,2026-08-12,Lula,PT,Presidente
LIo4i6v4HrQ,Nunca antes na história tanta gente voltou a sorrir com o Brasil Sorridente,2026-08-07T15:59:49Z,"O Programa Brasil Sorridente está devolvendo a milhões de brasileiros o direito de sorrir. O programa cuida, trata e fabrica próteses dentárias personalizadas para quem precisa. Tudo isso de graça através do SUS. 

É um sonho meu garantir o direito de sorrir para todos os brasileiros e seguiremos trabalhando por isso.",3846,591,33,UCvO2BExvkAbGMsTGnEnI_Ng,Lula,https://www.youtube.com/watch?v=LIo4i6v4HrQ,2026-08-12,Lula,PT,Presidente
muA6Xf4o7Xg,Presidente Lula reforça a proteção de crianças e adolescentes,2026-08-06T19:15:25Z,"SIGA O LULA!

http://www.facebook.com/Lula
https://bsky.app/profile/lula.com.br
http://www.instagram.com/LulaOficial
https://t.me/LulanoTelegram

Acesse nosso site: http://www.lula.com.br",9049,1210,119,UCvO2BExvkAbGMsTGnEnI_Ng,Lula,https://www.youtube.com/watch?v=muA6Xf4o7Xg,2026-08-12,Lula,PT,Presidente
Mw27utUg11k,Mais proteção para caminhoneiros,2026-08-06T17:56:12Z,"Quem move o Brasil merece respeito. 🚛🇧🇷

Agora é lei: mais proteção para caminhoneiros e caminhoneiras, com piso mínimo do frete garantido, fiscalização mais rigorosa contra quem paga abaixo do valor devido, pagamento em até 30 dias e mais segurança para a categoria.

Uma conquista construída com diálogo para valorizar quem faz o Brasil seguir em frente.",49621,6166,408,UCvO2BExvkAbGMsTGnEnI_Ng,Lula,https://www.youtube.com/watch?v=Mw27utUg11k,2026-08-12,Lula,PT,Presidente
A_s_DEPl3Lo,Presidente Lula sanciona PL que fortalece hospitais filantrópicos e o SUS,2026-08-06T15:51:12Z,"SIGA O LULA!

http://www.facebook.com/Lula
https://bsky.app/profile/lula.com.br
http://www.instagram.com/LulaOficial
https://t.me/LulanoTelegram

Acesse nosso site: http://www.lula.com.br",13544,2201,173,UCvO2BExvkAbGMsTGnEnI_Ng,Lula,https://www.youtube.com/watch?v=A_s_DEPl3Lo,2026-08-12,Lula,PT,Presidente
pf0obTrDP4U,Nunca antes na história se investiu tanto na educação brasileira,2026-08-06T14:57:52Z,"Com o Pé-de-Meia, o abandono escolar caiu mais da metade entre os nossos estudantes. Também fizemos milhares de creches, ampliamos o ensino integral e construímos 111 Institutos Federais. 

Hoje, saiu uma notícia muito importante mostrando que o Índice de Desenvolvimento da Educação Básica (Ideb) avançou em todas as etapas da educação básica. Nunca antes na história desse país se trabalhou tanto pela educação no Brasil.",4718,678,41,UCvO2BExvkAbGMsTGnEnI_Ng,Lula,https://www.youtube.com/watch?v=pf0obTrDP4U,2026-08-12,Lula,PT,Presidente
cbJxiP_5tyU,O Brasil pode avançar ainda mais!,2026-08-05T22:43:17Z,"Tenho orgulho do que a gente construiu até aqui. Mas eu sei que o Brasil ainda pode ir muito mais longe.

O básico a gente já começou a garantir. Agora é hora de dar um salto de qualidade e fazer ainda mais pelo povo brasileiro.",12795,2076,228,UCvO2BExvkAbGMsTGnEnI_Ng,Lula,https://www.youtube.com/watch?v=cbJxiP_5tyU,2026-08-12,Lula,PT,Presidente
-cy97E-Z9Ig,Presidente Lula sanciona lei que estabelece novas regras para o frete rodoviário,2026-08-05T20:48:58Z,"SIGA O LULA!

http://www.facebook.com/Lula
https://bsky.app/profile/lula.com.br
http://www.instagram.com/LulaOficial
https://t.me/LulanoTelegram

Acesse nosso site: http://www.lula.com.br",29546,3487,195,UCvO2BExvkAbGMsTGnEnI_Ng,Lula,https://www.youtube.com/watch?v=-cy97E-Z9Ig,2026-08-12,Lula,PT,Presidente
yDwnRO-OH8U,O Brasil é dos brasileiros 🇧🇷,2026-08-05T16:55:21Z,"Quem manda no nosso país é o povo brasileiro! 🇧🇷

O Brasil merece respeito. Somos uma democracia soberana e ninguém de fora vai decidir o nosso futuro. O destino do Brasil é decidido nas urnas, pela vontade do povo brasileiro.",9606,1615,148,UCvO2BExvkAbGMsTGnEnI_Ng,Lula,https://www.youtube.com/watch?v=yDwnRO-OH8U,2026-08-12,Lula,PT,Presidente
bNYOLr4giTg,O básico já foi garantido. É hora de avançar.,2026-08-05T13:03:29Z,"Quem conhece a história sabe como construir o futuro.

O básico já foi garantido. Agora é hora de dar um salto de qualidade e fazer ainda mais pelo Brasil.

Um governo que entregou mais do que prometeu vai seguir transformando a vida do povo. 🇧🇷⭐",6292,1083,80,UCvO2BExvkAbGMsTGnEnI_Ng,Lula,https://www.youtube.com/watch?v=bNYOLr4giTg,2026-08-12,Lula,PT,Presidente
O06ajsL6Ryc,Nunca antes na história a saúde pública avançou tanto,2026-08-05T11:08:47Z,"Saúde de qualidade é um direito de todos. Com o Agora Tem Especialista, o Governo Lula cuidou de quem mais precisa, realizando mais cirurgias e procedimentos médicos. Ainda tem muito pra evoluir, mas o Brasil sabe que melhorou e quem pode fazer mais. 🏥🩺",3869,613,39,UCvO2BExvkAbGMsTGnEnI_Ng,Lula,https://www.youtube.com/watch?v=O06ajsL6Ryc,2026-08-12,Lula,PT,Presidente
QU78lLr-pdU,Presidente Lula sanciona lei que regulamenta recursos especiais no STJ,2026-08-04T22:21:55Z,"SIGA O LULA!

http://www.facebook.com/Lula
https://bsky.app/profile/lula.com.br
http://www.instagram.com/LulaOficial
https://t.me/LulanoTelegram

Acesse nosso site: http://www.lula.com.br",13537,1831,79,UCvO2BExvkAbGMsTGnEnI_Ng,Lula,https://www.youtube.com/watch?v=QU78lLr-pdU,2026-08-12,Lula,PT,Presidente
hZtJmNd90YY,"Quando o povo avança, o Brasil inteiro cresce! 🇧🇷⭐️",2026-08-03T22:26:13Z,,11086,1945,136,UCvO2BExvkAbGMsTGnEnI_Ng,Lula,https://www.youtube.com/watch?v=hZtJmNd90YY,2026-08-12,Lula,PT,Presidente
b_K562JuWIg,É hora de dar um salto de qualidade,2026-08-03T20:29:56Z,"Agora que nós estamos com o básico garantido, é hora de dar um salto de qualidade. 

É hora de fazer o que a gente ainda não fez, avançar mais e construir um Brasil ainda melhor para o nosso povo. 🇧🇷",14420,2258,188,UCvO2BExvkAbGMsTGnEnI_Ng,Lula,https://www.youtube.com/watch?v=b_K562JuWIg,2026-08-12,Lula,PT,Presidente
xOQyUJ9B6dg,União pelo povo brasileiro,2026-08-02T20:29:25Z,"O Brasil voltou a crescer, gerar empregos, criar oportunidades e melhorar a vida do povo. É esse projeto que vamos defender: um Brasil que entrega resultados, fortalece a democracia, protege a soberania nacional e coloca as pessoas em primeiro lugar. 🇧🇷",105645,8508,804,UCvO2BExvkAbGMsTGnEnI_Ng,Lula,https://www.youtube.com/watch?v=xOQyUJ9B6dg,2026-08-12,Lula,PT,Presidente
jy-Aw89meU0,O Presidente de todas as Mulheres,2026-08-02T17:24:16Z,"Cuidar das mulheres é proteger vidas. Que toda mulher possa viver sem medo, com saúde, proteção e oportunidades.",19296,2560,228,UCvO2BExvkAbGMsTGnEnI_Ng,Lula,https://www.youtube.com/watch?v=jy-Aw89meU0,2026-08-12,Lula,PT,Presidente
hQiR0PrBwRw,Convenção Lula 2026 - Partido dos Trabalhadores,2026-08-02T16:55:14Z,"Acompanhe a transmissão ao vivo da Convenção irá oficializar Lula como candidato a presidência do Brasil. 

Deixe o seu like e compartilhe o link em todos os seus grupos.",258072,30155,1185,UCvO2BExvkAbGMsTGnEnI_Ng,Lula,https://www.youtube.com/watch?v=hQiR0PrBwRw,2026-08-12,Lula,PT,Presidente
LyD1oTRnNcQ,Chegou a hora de voltar onde tudo começou,2026-08-02T12:32:57Z,"Dia 16 de agosto, às 9h, temos um encontro marcado com o povo brasileiro.

Ali, onde tudo começou. No estádio da Vila Euclides, em São Bernardo do Campo. Faça parte dessa história! 🇧🇷",8969,1567,130,UCvO2BExvkAbGMsTGnEnI_Ng,Lula,https://www.youtube.com/watch?v=LyD1oTRnNcQ,2026-08-12,Lula,PT,Presidente
qheznfw3Sjo,O Brasil dos Nossos Sonhos,2026-08-02T00:04:37Z,O Brasil é a minha causa. O povo brasileiro é a minha causa.,16596,2564,188,UCvO2BExvkAbGMsTGnEnI_Ng,Lula,https://www.youtube.com/watch?v=qheznfw3Sjo,2026-08-12,Lula,PT,Presidente
CHxxazhCDPA,Ceará 360º: A Voz do Povo em Movimento!,2026-08-01T20:42:20Z,A energia do povo cearense é uma inspiração para todo o Brasil! Calor humano que nos impulsiona para conquistas cada vez maiores.,17580,2396,308,UCvO2BExvkAbGMsTGnEnI_Ng,Lula,https://www.youtube.com/watch?v=CHxxazhCDPA,2026-08-12,Lula,PT,Presidente
yIkjX8cXtfw,Dizem que eu tenho sorte!,2026-08-01T17:22:10Z,"Quando a gente trabalha com seriedade, acredita no povo e governa para quem mais precisa, o Brasil cresce.

Essa é a sorte que quero para o Brasil: um país mais justo, com oportunidades e economia forte! 🍀",16977,2040,120,UCvO2BExvkAbGMsTGnEnI_Ng,Lula,https://www.youtube.com/watch?v=yIkjX8cXtfw,2026-08-12,Lula,PT,Presidente
2uzayrz1neM,Presidente Lula participa da convenção estadual do PT Bahia,2026-08-01T16:57:43Z,"SIGA O LULA!

http://www.facebook.com/Lula
https://bsky.app/profile/lula.com.br
http://www.instagram.com/LulaOficial
https://t.me/LulanoTelegram

Acesse nosso site: http://www.lula.com.br",40954,3818,365,UCvO2BExvkAbGMsTGnEnI_Ng,Lula,https://www.youtube.com/watch?v=2uzayrz1neM,2026-08-12,Lula,PT,Presidente
SmsSngu9KyQ,O rap do Silva já ganhou as ruas e os corações dos brasileiros!,2026-08-01T15:18:50Z,,102432,8703,635,UCvO2BExvkAbGMsTGnEnI_Ng,Lula,https://www.youtube.com/watch?v=SmsSngu9KyQ,2026-08-12,Lula,PT,Presidente
r3Bo83o7I9o,Presidente Lula participa da convenção partidária estadual do Ceará,2026-08-01T00:43:12Z,"SIGA O LULA!

http://www.facebook.com/Lula
https://bsky.app/profile/lula.com.br
http://www.instagram.com/LulaOficial
https://t.me/LulanoTelegram

Acesse nosso site: http://www.lula.com.br",58344,4000,243,UCvO2BExvkAbGMsTGnEnI_Ng,Lula,https://www.youtube.com/watch?v=r3Bo83o7I9o,2026-08-12,Lula,PT,Presidente
Sh1oupYy7hk,Presidente Lula visita o Hospital Universitário do Ceará,2026-07-31T22:02:15Z,"SIGA O LULA!

http://www.facebook.com/Lula
https://bsky.app/profile/lula.com.br
http://www.instagram.com/LulaOficial
https://t.me/LulanoTelegram

Acesse nosso site: http://www.lula.com.br",35688,4049,251,UCvO2BExvkAbGMsTGnEnI_Ng,Lula,https://www.youtube.com/watch?v=Sh1oupYy7hk,2026-08-12,Lula,PT,Presidente
4oS1yBLs0po,Todo mundo tem que ter a mesma chance de estudar 📚,2026-07-31T21:05:16Z,"O papel do Estado é garantir oportunidades iguais para todas e todos, acesso ao ensino e à pesquisa.

Foi por isso que nós criamos a política de cotas, o PROUNI e o FIES. Para transformar a vida das pessoas através da educação. 📚🇧🇷🔬",60764,6741,523,UCvO2BExvkAbGMsTGnEnI_Ng,Lula,https://www.youtube.com/watch?v=4oS1yBLs0po,2026-08-12,Lula,PT,Presidente
O7xciyqNoMM,Vem fazer o L na convenção do Lula,2026-07-31T16:43:24Z,"Vem fazer o L, vem fazer história!

Assista nossa Convenção neste domingo, 2 de Agosto, a partir das 9h.

Transmissão ao vivo: https://lula.com.br/convencao",9023,1526,176,UCvO2BExvkAbGMsTGnEnI_Ng,Lula,https://www.youtube.com/watch?v=O7xciyqNoMM,2026-08-12,Lula,PT,Presidente
tOKNO_o4p3Q,A história da Caravana da Cidadania,2026-07-31T11:41:09Z,"Antes de governar o Brasil, eu quis conhecer o Brasil de verdade. 🇧🇷

Foram 92 mil quilômetros percorridos na Caravana da Cidadania, ouvindo as pessoas, aprendendo com cada comunidade e entendendo a realidade do nosso povo.

Foi assim que conheci o Brasil por dentro. 🤝",22669,3327,256,UCvO2BExvkAbGMsTGnEnI_Ng,Lula,https://www.youtube.com/watch?v=tOKNO_o4p3Q,2026-08-12,Lula,PT,Presidente
HZCerrCA_j8,Nova lei destina recursos das bets para combater o crime organizado,2026-07-30T20:10:07Z,,18914,2476,85,UCvO2BExvkAbGMsTGnEnI_Ng,Lula,https://www.youtube.com/watch?v=HZCerrCA_j8,2026-08-12,Lula,PT,Presidente
DSUs-8P1yeA,Presidente Lula sanciona lei que fortalece a Polícia Federal,2026-07-30T15:53:10Z,"SIGA O LULA!

http://www.facebook.com/Lula
https://bsky.app/profile/lula.com.br
http://www.instagram.com/LulaOficial
https://t.me/LulanoTelegram

Acesse nosso site: http://www.lula.com.br",27429,3211,254,UCvO2BExvkAbGMsTGnEnI_Ng,Lula,https://www.youtube.com/watch?v=DSUs-8P1yeA,2026-08-12,Lula,PT,Presidente
A3ssF-tQ7tk,Convenção do PSB fortalece aliança com PT e aprova Geraldo Alckmin como candidato a vice-presidente,2026-07-30T14:27:45Z,"Participamos da Convenção Nacional do PSB, um momento de grande importância para a democracia brasileira.

Durante a convenção, foi aprovado o nome de Geraldo Alckmin para compor novamente a chapa como candidato à Vice-Presidência da República, reafirmando o compromisso com o diálogo, a união e o desenvolvimento do nosso país.

Seguimos trabalhando por um Brasil cada vez mais forte, democrático e comprometido com o futuro do povo brasileiro.",71504,5945,453,UCvO2BExvkAbGMsTGnEnI_Ng,Lula,https://www.youtube.com/watch?v=A3ssF-tQ7tk,2026-08-12,Lula,PT,Presidente
_myEeKfcEAY,Mais proteção para as mulheres: novas medidas fortalecem o combate à violência,2026-07-30T01:49:46Z,"Combater a violência contra as mulheres é transformar compromisso em ação. ✊🏽💜

Com novas medidas de proteção, mais mulheres estão denunciando seus agressores e encontrando acolhimento, segurança e acesso aos seus direitos.

Seguimos trabalhando para que nenhuma mulher viva com medo e para que a proteção seja cada vez mais rápida, eficiente e presente em todo o Brasil.",14174,2447,92,UCvO2BExvkAbGMsTGnEnI_Ng,Lula,https://www.youtube.com/watch?v=_myEeKfcEAY,2026-08-12,Lula,PT,Presidente
Gzr9SpDX8Hc,Proteção às mulheres avança com novas medidas sancionadas por Lula,2026-07-29T23:49:12Z,"Hoje sancionei novas medidas para fortalecer a proteção das mulheres e enfrentar a violência em todo o Brasil. ✊🏽💜

Ampliamos a divulgação do Ligue 180, regulamentamos a monitoração eletrônica de agressores, criamos o Sistema Nacional de Informações Mulher Segura e garantimos a transferência automática da pensão alimentícia por decisão judicial.

Estamos fortalecendo a atuação do Estado para prevenir a violência, proteger as mulheres e garantir que seus direitos sejam respeitados. Porque nenhuma mulher deve viver com medo. ❤️🇧🇷",18727,3221,187,UCvO2BExvkAbGMsTGnEnI_Ng,Lula,https://www.youtube.com/watch?v=Gzr9SpDX8Hc,2026-08-12,Lula,PT,Presidente
difArrBBTAw,Brasil fortalece prevenção e resposta ao El Niño,2026-07-29T20:47:17Z,"O Brasil está se preparando para conter os impactos do El Niño, em diálogo com os governos estaduais e municipais. 

Ontem tiver grandes secas ou fortes chuvas, estaremos trabalhando juntos de quem mais precisa para remediar danos nas cidades.",29565,4379,203,UCvO2BExvkAbGMsTGnEnI_Ng,Lula,https://www.youtube.com/watch?v=difArrBBTAw,2026-08-12,Lula,PT,Presidente
1MM70mM3p0g,Presidente Lula sanciona leis de proteção às mulheres e reforça o combate à violência,2026-07-29T19:26:20Z,"SIGA O LULA!

http://www.facebook.com/Lula
https://bsky.app/profile/lula.com.br
http://www.instagram.com/LulaOficial
https://t.me/LulanoTelegram

Acesse nosso site: http://www.lula.com.br",28932,2207,161,UCvO2BExvkAbGMsTGnEnI_Ng,Lula,https://www.youtube.com/watch?v=1MM70mM3p0g,2026-08-12,Lula,PT,Presidente
6CbSCBdfjgY,Presidente Lula faz reunião ministerial sobre El Niño,2026-07-29T15:20:34Z,"SIGA O LULA!

http://www.facebook.com/Lula
https://bsky.app/profile/lula.com.br
http://www.instagram.com/LulaOficial
https://t.me/LulanoTelegram

Acesse nosso site: http://www.lula.com.br",30814,3711,233,UCvO2BExvkAbGMsTGnEnI_Ng,Lula,https://www.youtube.com/watch?v=6CbSCBdfjgY,2026-08-12,Lula,PT,Presidente
4LNpXBKwork,"Tivemos o prazer de receber o diretor-geral da Organização Mundial da Saúde (OMS), Tedros Adhonom",2026-07-29T13:37:51Z,"Tivemos o prazer de receber o diretor-geral da Organização Mundial da Saúde (OMS), Tedros Adhonom, para uma visita ao Hospital Federal do Andaraí, no Rio de Janeiro.

Mostramos para ele a revolução que estamos fazendo no SUS, modernizando e ampliando o atendimento, para que todo brasileiro, independentemente de classe social, possa ter acesso à saúde do mais alto nível.

Com alegria, recebemos do dr. Tedros o reconhecimento de que o Brasil tem vontade política para dar dignidade a todos os seus cidadãos. É isso que continuaremos fazendo, sempre. Obrigado, OMS, por se colocar como uma parceira nessa missão!",19172,3107,142,UCvO2BExvkAbGMsTGnEnI_Ng,Lula,https://www.youtube.com/watch?v=4LNpXBKwork,2026-08-12,Lula,PT,Presidente
ApVCXYhjCB8,O SUS impressiona a OMS: Tedros conhece de perto a saúde pública do Brasil,2026-07-29T01:42:58Z,"O SUS é uma das maiores conquistas do povo brasileiro.

Com mais de 100 milhões de habitantes, nenhum outro país tem um sistema público de saúde como o nosso. Um sistema que acolhe, cuida e garante atendimento a todas as pessoas, sem distinção, inclusive a quem vem de outros países.

Foi isso que o diretor-geral da OMS, Tedros Adhanom Ghebreyesus, veio conhecer de perto: um SUS que salva vidas e mostra ao mundo que é possível cuidar de quem mais precisa. É por isso que seguimos fortalecendo o SUS. 🇧🇷❤️",62078,5485,389,UCvO2BExvkAbGMsTGnEnI_Ng,Lula,https://www.youtube.com/watch?v=ApVCXYhjCB8,2026-08-12,Lula,PT,Presidente
L6Be6wrC78M,O Brasil que cuida da segurança pública.,2026-07-29T01:00:08Z,,6232,1711,62,UCvO2BExvkAbGMsTGnEnI_Ng,Lula,https://www.youtube.com/watch?v=L6Be6wrC78M,2026-08-12,Lula,PT,Presidente
rlRLXhzRvpo,Presidente Lula participa da 78ª Reunião Anual da SBPC,2026-07-29T00:27:30Z,"SIGA O LULA!

http://www.facebook.com/Lula
https://bsky.app/profile/lula.com.br
http://www.instagram.com/LulaOficial
https://t.me/LulanoTelegram

Acesse nosso site: http://www.lula.com.br",36812,3242,145,UCvO2BExvkAbGMsTGnEnI_Ng,Lula,https://www.youtube.com/watch?v=rlRLXhzRvpo,2026-08-12,Lula,PT,Presidente
B_dugqZ_96s,Lula apresenta o Brasil Sorridente ao diretor da OMS,2026-07-28T22:33:21Z,"Trouxe o diretor-geral da Organização Mundial da Saúde, Tedros Adhanom, para conhecer de perto o impacto do Brasil Sorridente. Esse é um programa que sonhei ainda no meu primeiro governo para garantir que todo brasileiro e toda brasileira tenham mais motivos para sorrir. 😁

🎥 @ricardostuckert",48078,6657,490,UCvO2BExvkAbGMsTGnEnI_Ng,Lula,https://www.youtube.com/watch?v=B_dugqZ_96s,2026-08-12,Lula,PT,Presidente
GRJbgj5j4Lw,Presidente Lula visita serviços especializados e unidades móveis de saúde no Rio de Janeiro,2026-07-28T21:49:34Z,"SIGA O LULA!

http://www.facebook.com/Lula
https://bsky.app/profile/lula.com.br
http://www.instagram.com/LulaOficial
https://t.me/LulanoTelegram

Acesse nosso site: http://www.lula.com.br",45943,4187,191,UCvO2BExvkAbGMsTGnEnI_Ng,Lula,https://www.youtube.com/watch?v=GRJbgj5j4Lw,2026-08-12,Lula,PT,Presidente
64apYEHNWGc,28 de julho de 2026,2026-07-28T14:13:34Z,,18843,3004,195,UCvO2BExvkAbGMsTGnEnI_Ng,Lula,https://www.youtube.com/watch?v=64apYEHNWGc,2026-08-12,Lula,PT,Presidente
4K8QTRAbhro,Brasil e Coreia do Sul: juntos pelo diálogo e pela cooperação 🇧🇷🇰🇷,2026-07-28T00:06:05Z,,40872,4659,331,UCvO2BExvkAbGMsTGnEnI_Ng,Lula,https://www.youtube.com/watch?v=4K8QTRAbhro,2026-08-12,Lula,PT,Presidente
pFBMZ4G3oi8,Presidente Lula e o presidente da Coreia na assinatura de atos e declaração à imprensa,2026-07-27T17:17:01Z,"SIGA O LULA!

http://www.facebook.com/Lula
https://bsky.app/profile/lula.com.br
http://www.instagram.com/LulaOficial
https://t.me/LulanoTelegram

Acesse nosso site: http://www.lula.com.br",94234,7703,543,UCvO2BExvkAbGMsTGnEnI_Ng,Lula,https://www.youtube.com/watch?v=pFBMZ4G3oi8,2026-08-12,Lula,PT,Presidente
29SkuDldTcY,"Presidente Lula recebe o Presidente da República da Coreia, Lee Jae Myung",2026-07-27T13:54:49Z,"SIGA O LULA!

http://www.facebook.com/Lula
https://bsky.app/profile/lula.com.br
http://www.instagram.com/LulaOficial
https://t.me/LulanoTelegram

Acesse nosso site: http://www.lula.com.br",72444,7156,596,UCvO2BExvkAbGMsTGnEnI_Ng,Lula,https://www.youtube.com/watch?v=29SkuDldTcY,2026-08-12,Lula,PT,Presidente
IHTHTn5meXI,🇧🇷 A soberania do Brasil é inegociável!,2026-07-27T12:21:35Z,"Seguiremos defendendo os interesses do nosso povo com firmeza, responsabilidade e diálogo, construindo relações de amizade e cooperação com todas as nações. 🤝🌎",18919,3148,172,UCvO2BExvkAbGMsTGnEnI_Ng,Lula,https://www.youtube.com/watch?v=IHTHTn5meXI,2026-08-12,Lula,PT,Presidente
2Z7XjQYNh_8,CLIPE DO RAP DO SILVA - LULA,2026-07-26T21:14:38Z,"Pode aumentar o som que a hora chegou! 🎧 🎶🔈

O Rap do Silva já está disponível para você escutar, compartilhar e baixar! 

Conta aqui nos comentários o que vocês acharam!",207508,19423,1776,UCvO2BExvkAbGMsTGnEnI_Ng,Lula,https://www.youtube.com/watch?v=2Z7XjQYNh_8,2026-08-12,Lula,PT,Presidente
K4zs7N4qCqw,Presidente Lula participa da posse do presidente do sindicato dos metalúrgicos,2026-07-26T17:50:05Z,"SIGA O LULA!

http://www.facebook.com/Lula
https://bsky.app/profile/lula.com.br
http://www.instagram.com/LulaOficial
https://t.me/LulanoTelegram

Acesse nosso site: http://www.lula.com.br",30726,3635,292,UCvO2BExvkAbGMsTGnEnI_Ng,Lula,https://www.youtube.com/watch?v=K4zs7N4qCqw,2026-08-12,Lula,PT,Presidente
R3JJvVzV4ys,Do sertão ao mundo 🌎,2026-07-26T15:09:21Z,,7860,1163,128,UCvO2BExvkAbGMsTGnEnI_Ng,Lula,https://www.youtube.com/watch?v=R3JJvVzV4ys,2026-08-12,Lula,PT,Presidente
SiD_R4rSo4I,É hora de devolver São Paulo para os paulistas,2026-07-26T12:31:49Z,"É tempo de São Paulo reencontrar sua força, seu protagonismo e sua capacidade de liderar grandes transformações. 🇧🇷",13385,2002,180,UCvO2BExvkAbGMsTGnEnI_Ng,Lula,https://www.youtube.com/watch?v=SiD_R4rSo4I,2026-08-12,Lula,PT,Presidente
0kkDyw7Tn3E,São Paulo forte. Brasil soberano. 🇧🇷,2026-07-26T12:29:24Z,,25306,3467,271,UCvO2BExvkAbGMsTGnEnI_Ng,Lula,https://www.youtube.com/watch?v=0kkDyw7Tn3E,2026-08-12,Lula,PT,Presidente
0ozmlI-MakU,"Presidente Lula participa da convenção da Federação Brasil da Esperança, em Campinas",2026-07-25T16:42:46Z,"SIGA O LULA!

http://www.facebook.com/Lula
https://bsky.app/profile/lula.com.br
http://www.instagram.com/LulaOficial
https://t.me/LulanoTelegram

Acesse nosso site: http://www.lula.com.br",62249,6498,528,UCvO2BExvkAbGMsTGnEnI_Ng,Lula,https://www.youtube.com/watch?v=0ozmlI-MakU,2026-08-12,Lula,PT,Presidente
kQyCmZrU2n4,Presidente Lula participa de encontro com lideranças do sistema de ciência e tecnologia no Brasil,2026-07-24T20:26:06Z,"SIGA O LULA!

http://www.facebook.com/Lula
https://bsky.app/profile/lula.com.br
http://www.instagram.com/LulaOficial
https://t.me/LulanoTelegram

Acesse nosso site: http://www.lula.com.br",11297,1455,79,UCvO2BExvkAbGMsTGnEnI_Ng,Lula,https://www.youtube.com/watch?v=kQyCmZrU2n4,2026-08-12,Lula,PT,Presidente
1dwzsQFwdIE,A Avibras retomou suas atividades! 🇧🇷🚀,2026-07-24T17:48:10Z,"A Avibras, uma das principais empresas brasileiras de tecnologia e defesa, retomou recentemente suas atividades após anos de crise e paralisação.🚀👨🏽‍🏭 🇧🇷

Hoje, a visita às instalações, em Jacareí (SP), reforça o compromisso com a recuperação da indústria nacional, a geração de empregos, a inovação, a tecnologia brasileira e a soberania do país.",80138,9761,646,UCvO2BExvkAbGMsTGnEnI_Ng,Lula,https://www.youtube.com/watch?v=1dwzsQFwdIE,2026-08-12,Lula,PT,Presidente
WFLCBYfzacU,Presidente Lula visita unidades industriais da empresa Avibras Aeroco,2026-07-24T16:22:52Z,"SIGA O LULA!

http://www.facebook.com/Lula
https://bsky.app/profile/lula.com.br
http://www.instagram.com/LulaOficial
https://t.me/LulanoTelegram

Acesse nosso site: http://www.lula.com.br",67238,6767,508,UCvO2BExvkAbGMsTGnEnI_Ng,Lula,https://www.youtube.com/watch?v=WFLCBYfzacU,2026-08-12,Lula,PT,Presidente
rXiD41Ocj3Y,"O Brasil segue fora do Mapa da Fome, segundo a ONU",2026-07-24T14:50:00Z,"O relatório da FAO confirma que o país manteve a subnutrição abaixo de 2,5% entre 2023 e 2025.

É o resultado de políticas que voltaram a colocar o combate à fome como prioridade. Mais comida no prato, mais dignidade e mais oportunidades para o povo brasileiro.",11159,2161,128,UCvO2BExvkAbGMsTGnEnI_Ng,Lula,https://www.youtube.com/watch?v=rXiD41Ocj3Y,2026-08-12,Lula,PT,Presidente
e_98gSi7gpo,Educação não é só uma política pública: é um compromisso com o futuro do nosso país,2026-07-24T13:18:56Z,"Quando existe investimento em educação, oportunidades surgem, o povo e as indústrias se desenvolvem, e as desigualdades perdem espaço!

Quem se preocupa com o povo sabe que a educação é ponte para transformar vidas.",19382,3153,188,UCvO2BExvkAbGMsTGnEnI_Ng,Lula,https://www.youtube.com/watch?v=e_98gSi7gpo,2026-08-12,Lula,PT,Presidente
O8Si4Zgz4UI,Brasil Soberano III: mais apoio às empresas diante do tarifaço,2026-07-22T21:56:09Z,"O Brasil Soberano III reúne novas medidas para fortalecer as empresas brasileiras, ampliar o acesso ao crédito, proteger empregos, incentivar as exportações e abrir novos mercados para os produtos nacionais. 🇧🇷

É mais um passo para garantir que o Brasil continue crescendo, mesmo diante dos desafios da economia mundial. Estamos fortalecendo a nossa indústria, ampliando oportunidades para quem produz e trabalha e levando os produtos brasileiros cada vez mais longe.

Com mais investimentos, mais crédito e mais mercados, seguimos construindo uma economia forte, competitiva e cada vez mais soberana.",24877,3076,215,UCvO2BExvkAbGMsTGnEnI_Ng,Lula,https://www.youtube.com/watch?v=O8Si4Zgz4UI,2026-08-12,Lula,PT,Presidente
YBQvO_msHeo,Presidente Lula sanciona lei que destina recursos a linhas de crédito do Programa Brasil Soberano,2026-07-22T19:44:39Z,"SIGA O LULA!

http://www.facebook.com/Lula
https://bsky.app/profile/lula.com.br
http://www.instagram.com/LulaOficial
https://t.me/LulanoTelegram

Acesse nosso site: http://www.lula.com.br",25923,2435,140,UCvO2BExvkAbGMsTGnEnI_Ng,Lula,https://www.youtube.com/watch?v=YBQvO_msHeo,2026-08-12,Lula,PT,Presidente
aH9061gavc8,Presidente Lula participa de reunião com representantes da Stellantis,2026-07-22T15:41:39Z,"SIGA O LULA!

http://www.facebook.com/Lula
https://bsky.app/profile/lula.com.br
http://www.instagram.com/LulaOficial
https://t.me/LulanoTelegram

Acesse nosso site: http://www.lula.com.br",30217,3413,260,UCvO2BExvkAbGMsTGnEnI_Ng,Lula,https://www.youtube.com/watch?v=aH9061gavc8,2026-08-12,Lula,PT,Presidente
E9eIZUIDYbw,Boa notícia para o nosso país! 🇧🇷🌳,2026-07-21T22:01:42Z,"Os incêndios na Amazônia brasileira caíram ao seu menor nível histórico em 2025, segundo o MapBiomas. Quando digo que vamos reduzir a degradação dos nossos biomas e reduzir o desmatamento a zero, estou falando disso: resultados concretos com o empenho de todos.",21773,2067,120,UCvO2BExvkAbGMsTGnEnI_Ng,Lula,https://www.youtube.com/watch?v=E9eIZUIDYbw,2026-08-12,Lula,PT,Presidente
cVUqpkh47X0,ONU confirma queda histórica da fome no Brasil,2026-07-21T17:40:17Z,"Hoje o Brasil comemora uma conquista que enche o nosso povo de esperança: a ONU confirmou que o país segue fora do Mapa da Fome.

O relatório da FAO mostra que o Brasil manteve abaixo de 2,5% o índice de subnutrição no triênio 2023-2025. A insegurança alimentar severa caiu para apenas 0,6%, o menor patamar da série histórica, e 16,7 milhões de brasileiros deixaram essa condição em relação ao período de 2020-2022.

Esse é o resultado de um país que voltou a colocar o combate à fome no centro das prioridades. Garantir comida no prato, mais dignidade e mais oportunidades para quem mais precisa continuará sendo um compromisso permanente.",145294,5758,650,UCvO2BExvkAbGMsTGnEnI_Ng,Lula,https://www.youtube.com/watch?v=cVUqpkh47X0,2026-08-12,Lula,PT,Presidente
UBEpqoZMLPU,Educação e investimento!,2026-07-21T14:41:14Z,,14323,1377,82,UCvO2BExvkAbGMsTGnEnI_Ng,Lula,https://www.youtube.com/watch?v=UBEpqoZMLPU,2026-08-12,Lula,PT,Presidente
RQdXlIO9cEo,Brasil fortalece a indústria da saúde com novo marco legal,2026-07-20T22:15:05Z,"Hoje sancionei o Projeto de Lei 2.583/2020, que cria uma base legal permanente para fortalecer o Complexo Econômico-Industrial da Saúde.

Com essa lei, o Brasil amplia a capacidade de produzir medicamentos, vacinas, equipamentos e tecnologias em saúde, fortalece a inovação e reduz a dependência de produtos importados. É mais segurança para o SUS, mais desenvolvimento para o país e mais soberania para cuidar do povo brasileiro.",20143,3312,219,UCvO2BExvkAbGMsTGnEnI_Ng,Lula,https://www.youtube.com/watch?v=RQdXlIO9cEo,2026-08-12,Lula,PT,Presidente
jikAyUCshQM,Presidente Lula sanciona Estratégia Nacional do Complexo Econômico-Industrial da Saúde,2026-07-20T16:13:57Z,"SIGA O LULA!

http://www.facebook.com/Lula
https://bsky.app/profile/lula.com.br
http://www.instagram.com/LulaOficial
https://t.me/LulanoTelegram

Acesse nosso site: http://www.lula.com.br",22732,2833,153,UCvO2BExvkAbGMsTGnEnI_Ng,Lula,https://www.youtube.com/watch?v=jikAyUCshQM,2026-08-12,Lula,PT,Presidente
xdaFYE8xhwo,A educação é o caminho para reduzir desigualdades e ampliar oportunidades,2026-07-20T13:49:25Z,"Quando o acesso à educação deixa de ser privilégio e passa a ser um direito, o Brasil inteiro avança. 📚🇧🇷",30824,2726,215,UCvO2BExvkAbGMsTGnEnI_Ng,Lula,https://www.youtube.com/watch?v=xdaFYE8xhwo,2026-08-12,Lula,PT,Presidente
AXL7HcbTtK0,"Não há no mundo um sistema de saúde público, universal e gratuito como o SUS",2026-07-18T16:07:49Z,,23584,2502,189,UCvO2BExvkAbGMsTGnEnI_Ng,Lula,https://www.youtube.com/watch?v=AXL7HcbTtK0,2026-08-12,Lula,PT,Presidente
GtnF5gYUwS0,Presidente Lula visita o Instituto Nacional de Traumatologia e Ortopedia (INTO),2026-07-17T20:34:25Z,"SIGA O LULA!

http://www.facebook.com/Lula
https://bsky.app/profile/lula.com.br
http://www.instagram.com/LulaOficial
https://t.me/LulanoTelegram

Acesse nosso site: http://www.lula.com.br",18418,1934,101,UCvO2BExvkAbGMsTGnEnI_Ng,Lula,https://www.youtube.com/watch?v=GtnF5gYUwS0,2026-08-12,Lula,PT,Presidente
aMCGzCT8yVU,Mais acesso à saúde: Implanon agora faz parte do SUS,2026-07-17T18:52:34Z,"O implante contraceptivo Implanon passa a integrar a oferta do SUS, ampliando as opções de métodos contraceptivos disponíveis. A medida fortalece as ações de planejamento reprodutivo e a assistência em saúde. Consulte a unidade de saúde para informações sobre critérios de acesso e disponibilidade. 🏥",38110,3831,206,UCvO2BExvkAbGMsTGnEnI_Ng,Lula,https://www.youtube.com/watch?v=aMCGzCT8yVU,2026-08-12,Lula,PT,Presidente
ADANRRFjZVA,Presidente Lula visita à Carreta da Saúde da Mulher,2026-07-17T17:49:51Z,"SIGA O LULA!

http://www.facebook.com/Lula
https://bsky.app/profile/lula.com.br
http://www.instagram.com/LulaOficial
https://t.me/LulanoTelegram

Acesse nosso site: http://www.lula.com.br",37106,3239,235,UCvO2BExvkAbGMsTGnEnI_Ng,Lula,https://www.youtube.com/watch?v=ADANRRFjZVA,2026-08-12,Lula,PT,Presidente
gvcPENTPcDU,Nosso governo está ao lado do povo brasileiro,2026-07-17T13:21:37Z,"Diante de uma tarifação injusta e ilegal, seguimos firmes no apoio aos setores atingidos, que terão atendimento prioritário, com medidas para proteger o emprego, a produção e quem trabalha todos os dias para fazer o Brasil crescer.",26557,3777,301,UCvO2BExvkAbGMsTGnEnI_Ng,Lula,https://www.youtube.com/watch?v=gvcPENTPcDU,2026-08-12,Lula,PT,Presidente
vurBudCaFL0,Brasil é o 6º país do mundo a produzir turbinas aeronáuticas 🇧🇷,2026-07-16T21:39:07Z,"Quando o Brasil investe em ciência, tecnologia e inovação, o resultado aparece. Hoje, somos o sexto país do mundo a dominar a produção de turbinas aeronáuticas e o primeiro a desenvolver uma turbina movida 100% a etanol.

É assim que o Brasil mostra ao mundo a força da nossa inteligência, da nossa indústria e da nossa capacidade de inovar. 🇧🇷🚀",156115,11921,764,UCvO2BExvkAbGMsTGnEnI_Ng,Lula,https://www.youtube.com/watch?v=vurBudCaFL0,2026-08-12,Lula,PT,Presidente
jrBEOdaLG70,O Brasil não vai apenas exportar matéria-prima: vamos exportar inteligência 🇧🇷,2026-07-16T17:44:26Z,Damos início à criação de um conselho ligado à Presidência da República para tratar do tema com a prioridade que ele merece.,32201,4984,354,UCvO2BExvkAbGMsTGnEnI_Ng,Lula,https://www.youtube.com/watch?v=jrBEOdaLG70,2026-08-12,Lula,PT,Presidente
-BgM-VMHd_g,A força da agricultura familiar 🌾,2026-07-15T22:10:02Z,"A agricultura familiar é sinônimo de comida na mesa dos brasileiros. Investir em quem produz, é garantir mais emprego no campo e mais comida na mesa de quem precisa.",52619,5413,345,UCvO2BExvkAbGMsTGnEnI_Ng,Lula,https://www.youtube.com/watch?v=-BgM-VMHd_g,2026-08-12,Lula,PT,Presidente
ARBOj7jCp8k,100 milhões de veículos produzidos no Brasil em 70 anos 🇧🇷,2026-07-15T18:23:29Z,"Um marco da indústria automobilística brasileira que destaca a capacidade produtiva do país, o avanço tecnológico do setor e a contribuição de trabalhadores e trabalhadoras para o desenvolvimento da indústria nacional.",28924,3610,216,UCvO2BExvkAbGMsTGnEnI_Ng,Lula,https://www.youtube.com/watch?v=ARBOj7jCp8k,2026-08-12,Lula,PT,Presidente
EVueYtvvQHA,Até 67% menos poluição: o biocombustível brasileiro surpreende o mundo,2026-07-15T14:02:01Z,"O Brasil tem tudo para liderar a transição energética: conhecimento, tecnologia, terra, sol, água e um dos combustíveis renováveis mais eficientes do mundo. 🌱🇧🇷

Testes alemães mostram que o nosso biocombustível pode emitir até 67% menos gases de efeito estufa do que alternativas usadas hoje. É inovação feita no Brasil, gerando empregos, fortalecendo a indústria e ajudando a construir um futuro com menos poluição.

O mundo pode contar com a experiência brasileira para acelerar a transição para uma economia mais sustentável.",159030,9052,580,UCvO2BExvkAbGMsTGnEnI_Ng,Lula,https://www.youtube.com/watch?v=EVueYtvvQHA,2026-08-12,Lula,PT,Presidente
ZaPuU1PJutI,Presidente Lula se reúne com o presidente da Anfavea,2026-07-14T18:37:38Z,"SIGA O LULA!

http://www.facebook.com/Lula
https://bsky.app/profile/lula.com.br
http://www.instagram.com/LulaOficial
https://t.me/LulanoTelegram

Acesse nosso site: http://www.lula.com.br",17966,2457,150,UCvO2BExvkAbGMsTGnEnI_Ng,Lula,https://www.youtube.com/watch?v=ZaPuU1PJutI,2026-08-12,Lula,PT,Presidente
ju2tJlSaGkI,Tecnologia brasileira em campo 🤖⚽,2026-07-14T11:32:58Z,"Encontrei um centroavante para o Ancelotti. 😄⚽🤖

Hoje conheci um robô que mostrou habilidade e já me fez pensar que pode ser uma boa opção para a nossa Seleção.

Foi durante a visita ao Instituto Mauá de Tecnologia, em São Caetano do Sul, onde também conheci o trabalho de pesquisadores e estudantes que ajudam o Brasil a avançar em ciência, inovação e transição energética.

🎥 @ricardostuckert",37054,4225,212,UCvO2BExvkAbGMsTGnEnI_Ng,Lula,https://www.youtube.com/watch?v=ju2tJlSaGkI,2026-08-12,Lula,PT,Presidente
cqNLARIyqK8,O preço da guerra não vai chegar à mesa dos brasileiros,2026-07-13T21:38:07Z,"O Brasil não vai permitir que uma guerra lá fora pese no bolso e na mesa do nosso povo.

Conflitos internacionais não podem fazer as famílias brasileiras pagarem uma conta que não é delas. Por isso, estamos tomando medidas para proteger a população e evitar aumentos nos preços de alimentos essenciais, como arroz, feijão, tomate e cebola.

Governar também é cuidar da comida na mesa e defender o poder de compra de quem trabalha todos os dias. 🇧🇷🍚🍅🧅",23843,2433,178,UCvO2BExvkAbGMsTGnEnI_Ng,Lula,https://www.youtube.com/watch?v=cqNLARIyqK8,2026-08-12,Lula,PT,Presidente
lRS5rf_3eVs,Presidente Lula visita projeto da 1ª turbina movida a etanol do IAE,2026-07-13T18:42:22Z,"SIGA O LULA!

http://www.facebook.com/Lula
https://bsky.app/profile/lula.com.br
http://www.instagram.com/LulaOficial
https://t.me/LulanoTelegram

Acesse nosso site: http://www.lula.com.br",201289,13774,1176,UCvO2BExvkAbGMsTGnEnI_Ng,Lula,https://www.youtube.com/watch?v=lRS5rf_3eVs,2026-08-12,Lula,PT,Presidente
